url,title,aid,cid,uploadtime,duration,category,view,click,favorite,coin,danmaku,reply,share,up,mid,upspace,intro
https://www.bilibili.com/video/av9140452,【SNH48】OLD48 on Fire,9140452,15100408,2017-03-13T14:01,2:00,"['鬼畜', '鬼畜调教']",8600,8600,227,343,73,82,30,慕枫黑昭,2786976,https://space.bilibili.com/2786976,"2017GUC48鬼畜公演单品  鬼畜公演传送门：av9005404  
个人感觉这个小品很有意思，安利给没看过的小伙伴☞ av7569055
最近学了一套边缘ob法，大致内容是：我不做，不做。誒~花里胡哨，我不会做的。【本会除了极个别肝帝其余基本在养老了】
对于鬼畜公演被推到冷门作品榜其实我内心是崩溃的w继续努力吧......",,-1,,
https://www.bilibili.com/video/av7538088,【OLD48】毕业以后想干嘛？,7538088,12357146,2016-12-15T17:26,3:02,"['鬼畜', '鬼畜调教']",3503,3503,32,21,45,20,9,老翁JC,25970068,https://space.bilibili.com/25970068,"视频一如既往地短。。。。。于是我机（qi)智(shi)地(na)加(cai)了(shi)彩(zheng)蛋(pian)。
2P会打架子鼓会饶舌会尬舞会wota艺的马路口以及友情客串的小舅子。",,-1,,
https://www.bilibili.com/video/av7565204,【SNH48】Old48出道暨圣诞特别公演 TeamX《梦想的旗帜》第十场 全场 CUT（20161217）,7565204,12389558,2016-12-17T14:40,148:09,"['娱乐', '明星']",8929,8929,155,38,758,69,17,SNH48-TeamX应援会,37694382,https://space.bilibili.com/37694382,"#SNH48-Team X#
【恭喜丹三教主百场达成！】
更多相关内容欢迎加入【TeamX应援群】370882358
欢迎关注并支持B站@SNH48-TeamX应援会，微博@SNH48-TeamX-应援会
梦想的旗帜【MC合辑：av6897146】十八个闪耀瞬间【MC合辑：av6663834】
最后的钟声响起【MC合辑：av4697700】逆流而上【MC合辑：av4856225】",,-1,,
https://www.bilibili.com/video/av7981920,20161217 X队圣诞公演小品《OLD48》 杨冰怡杨韫玉王晓佳李钊冯晓菲 SNH48公演,7981920,13113328,2017-01-13T09:57,10:46,"['娱乐', '明星']",4484,4484,90,9,78,11,14,SNH48MC补档处,8522986,https://space.bilibili.com/8522986,20161217 X队小品《OLD48》 杨冰怡杨韫玉王晓佳李钊冯晓菲 SNH48圣诞公演,,-1,,
https://www.bilibili.com/video/av7569055,【SNH48杨韫玉】杨子杰和她的old48合辑,7569055,12394229,2016-12-17T18:25,50:06,"['娱乐', '明星']",5052,5052,204,27,91,11,20,SNH48杨韫玉应援会,25613251,https://space.bilibili.com/25613251,20161211 SNH48 Team X MC4：如果毕业了想干什么,,-1,,
https://www.bilibili.com/video/av7566129,【SNH48】【小品】《Old 48》TeamX《梦想的旗帜》圣诞公演特殊环节（20161217）,7566129,12389558,2016-12-17T15:40,11:20,"['娱乐', '明星']",1194,1194,40,10,281,11,9,渡辺美優紀メ,10525760,https://space.bilibili.com/10525760,"#SNH48-Team X#
更多相关内容欢迎加入【TeamX应援群】370882358
欢迎关注并支持B站@SNH48-TeamX应援会，微博@SNH48-TeamX-应援会
梦想的旗帜【MC合辑：av6897146】十八个闪耀瞬间【MC合辑：av6663834】
最后的钟声响起【MC合辑：av4697700】逆流而上【MC合辑：av4856225】",,-1,,
https://www.bilibili.com/video/av8944018,【SNH48】（OLD48）杨冰怡《小品：小粉丝饭偶像之路》（20170303）,8944018,14764704,2017-03-03T21:11,10:32,"['娱乐', '明星']",2942,2942,81,13,66,7,4,渡辺美優紀メ,10525760,https://space.bilibili.com/10525760,"#SNH48-Team X#
更多相关内容欢迎加入【TeamX应援群】370882358
欢迎关注并支持B站@SNH48-TeamX应援会，微博@SNH48-TeamX-应援会
梦想的旗帜【MC合辑：av6897146】十八个闪耀瞬间【MC合辑：av6663834】
最后的钟声响起【MC合辑：av4697700】逆流而上【MC合辑：av4856225】",,-1,,
https://www.bilibili.com/video/av7621435,【SNH48李钊】儿童音乐剧《OLD48》 （20161217圣诞公演特殊环节）,7621435,12483606,2016-12-21T00:04,11:08,"['娱乐', '明星']",307,307,4,1,1,0,4,李钊的桃吹女子学院,35917549,https://space.bilibili.com/35917549,"公演直播 #SNH48李钊# 20161217圣诞公演特殊环节 儿童音乐剧 OLD48 
神魂颠倒扭一扭 健康活到九十九！
恭喜OLD48不动C桃姥姥正式出道！",,-1,,
https://www.bilibili.com/video/av8097362,【SNH48汪束】OLD48成团之作！高能MC，不容错过！161211 Team X《梦想的旗帜》MC4,8097362,13313534,2017-01-19T17:29,13:19,"['娱乐', '明星']",2332,2332,48,7,22,2,8,汪束幼稚园,56314127,https://space.bilibili.com/56314127,"《梦想的旗帜》新公演
也是X队的第一个原创公演
这里传送的是汪束在第四个MC的CUT···
希望会有更多的人，喜欢上汪束，喜欢上园长。",,-1,,
https://www.bilibili.com/video/av14772903,我才是被家长认可的那个【OLD48】,14772903,24074625,2017-09-27T09:01,3:09,"['娱乐', '明星']",5343,5343,70,12,34,9,0,OLD48广场舞团,88805253,https://space.bilibili.com/88805253,"前辈都在和自己的相好打电话—by 陈琳
正老婆受的宠爱都不多，这些那些小什么的得到的甜蜜宠爱都特别多—by 李晶
我有陈琳妈妈关心—by 李晶
20170813 SNH48 TEAM X《梦想的旗帜》陈琳生日公演",,-1,,
https://www.bilibili.com/video/av7895918,SNH48：OLD48首次圆阵成就达成~,7895918,12961172,2017-01-07T18:52,0:10,"['娱乐', '明星']",705,705,6,0,1,5,7,魔笔小艇,2139573,https://space.bilibili.com/2139573,来源：杨韫玉秒拍。 日期：20160107. （第三届年度金曲大赏）,,-1,,
https://www.bilibili.com/video/av16693378,我是个柔弱的女子！【OLD48】,16693378,27222486,2017-11-28T08:12,5:38,"['娱乐', '明星']",787,787,14,2,5,7,0,OLD48广场舞团,88805253,https://space.bilibili.com/88805253,"新闻果然厉害，难道是混进女团的男身？
SNH48 TeamX《梦想的旗帜》第六十四场 邵雪聪生日主题公演 （20171112）",,-1,,
https://www.bilibili.com/video/av16304885,小心柴刀【OLD48】,16304885,26602943,2017-11-13T23:47,5:25,"['娱乐', '明星']",982,982,18,6,6,3,1,OLD48广场舞团,88805253,https://space.bilibili.com/88805253,"有点像诚哥！
SNH48 TeamX《梦想的旗帜》 冯晓菲生日主题公演 20171104",,-1,,
https://www.bilibili.com/video/av15499664,给你比个垃圾桶【OLD48】,15499664,25224244,2017-10-18T11:15,7:52,"['娱乐', '明星']",446,446,6,6,2,2,0,OLD48广场舞团,88805253,https://space.bilibili.com/88805253,"给你比个垃圾桶.....
垃圾桶星座....
20170922 SNH48 TEAM X《梦想的旗帜》公演",,-1,,
https://www.bilibili.com/video/av16691866,不要在公演场合谈恋爱！【OLD48】,16691866,27220179,2017-11-26T18:47,7:48,"['娱乐', '明星']",5577,5577,119,5,27,15,7,OLD48广场舞团,88805253,https://space.bilibili.com/88805253,"吵架=秀恩爱？
水水哄灰灰，灰灰傲娇！
你拍一，我拍一，躺下比高你第一！  by杨冰怡
SNH48 TeamX《梦想的旗帜》第六十四场 邵雪聪生日主题公演（20171112）",,-1,,
https://www.bilibili.com/video/av7566216,【SNH48】161217 TeamX 圣诞到付节目【OLD48】,7566216,12389668,2016-12-17T15:45,11:00,"['娱乐', '明星']",565,565,12,2,21,3,2,蛋挞掺砒孀,107622,https://space.bilibili.com/107622,161217梦想旗帜公演 23333333,,-1,,
https://www.bilibili.com/video/av13925580,三个人的友谊使我困惑【OLD48】,13925580,22750693,2017-08-29T11:13,6:04,"['娱乐', '明星']",2164,2164,39,9,8,11,1,OLD48广场舞团,88805253,https://space.bilibili.com/88805253,"一个人的寂寞，两个人的错，三个人的友情使我困惑。
新闻为静静创作的新歌！
加了个BGM
20170805 SNH48 TEAM X《梦想的旗帜》祁静生日公演",,-1,,
https://www.bilibili.com/video/av14772870,(误，玩笑)恭喜SNH48 TEAMX荣获奥斯卡终身成就奖获奖，请发表获奖感言【OLD48】,14772870,24074552,2017-09-25T08:53,11:58,"['娱乐', '明星']",10450,10450,87,11,36,56,5,OLD48广场舞团,88805253,https://space.bilibili.com/88805253,"热烈祝贺恭喜SNH48 TEAMX成员冯晓菲、汪束、张丹三、王晓佳、张嘉予、李晶荣获奥斯卡终身成就奖获奖，请发表获奖感言，热烈欢迎，music起！
这只是公演视频剪辑，各位请勿当真!
20170813 SNH48 TEAM X《梦想的旗帜》陈琳生日公演",,-1,,
https://www.bilibili.com/video/av7487098,【SNH48】毕业回踩要事情，OLD48已预定 TeamX《梦想的旗帜》第九场 全场 CUT（20161211）,7487098,12248585,2016-12-11T19:46,150:08,"['娱乐', '明星']",4517,4517,75,37,276,38,5,SNH48-TeamX应援会,37694382,https://space.bilibili.com/37694382,"#SNH48-Team X#
更多相关内容欢迎加入【TeamX应援群】370882358
欢迎关注并支持B站@SNH48-TeamX应援会，微博@SNH48-TeamX-应援会
梦想的旗帜【MC合辑：av6897146】十八个闪耀瞬间【MC合辑：av6663834】
最后的钟声响起【MC合辑：av4697700】逆流而上【MC合辑：av4856225】",,-1,,
https://www.bilibili.com/video/av17186337,我给你讲个鬼故事【OLD48】,17186337,28077480,2017-12-14T09:06,1:51,"['娱乐', '明星']",1189,1189,15,9,1,6,0,OLD48广场舞团,88805253,https://space.bilibili.com/88805253,"我给你讲个鬼故事，我是英语课代表！
好像重复了，这不重要！
SNH48 TeamX《梦想的旗帜》20171203",,-1,,
https://www.bilibili.com/video/av7663248,【SNH48】【冯晓菲】【OLD48】向全世界安利冯晓菲 P2,7663248,12555115,2016-12-23T22:43,8:43,"['娱乐', '明星']",472,472,16,16,7,5,5,尼禄王,1472920,https://space.bilibili.com/1472920,圣诞礼物吧~ 感觉拖了好久的样子~,,-1,,
https://www.bilibili.com/video/av17381592,谁是队里最怂的人【OLD48】,17381592,28394676,2017-12-18T16:40,8:03,"['娱乐', '明星']",3009,3009,43,7,13,8,2,OLD48广场舞团,88805253,https://space.bilibili.com/88805253,"谁是队里最怂的人？
1,2,3...冯晓菲！
SNH48 TeamX《梦想的旗帜》第七十场 千秋乐公演 20171209",,-1,,
https://www.bilibili.com/video/av9296074,【SNH48汪束】揭秘！OLD48面临解散危机！最佳歌姬为何跳槽？170319 Team X《梦想的旗帜》MC4,9296074,15361131,2017-03-21T03:57,9:53,"['娱乐', '明星']",830,830,14,2,11,2,3,汪束幼稚园,56314127,https://space.bilibili.com/56314127,"《梦想的旗帜》新公演
也是X队的第一个原创公演
这里传送的是汪束在第四个MC的CUT···
希望会有更多的人，喜欢上汪束，喜欢上园长。",,-1,,
https://www.bilibili.com/video/av14131980,禁忌的二人（韫灰）【OLD48】,14131980,23070698,2017-09-03T16:12,6:30,"['娱乐', '明星']",49930,49930,793,39,213,84,45,OLD48广场舞团,88805253,https://space.bilibili.com/88805253,"禁忌的二人，太晒了，狗粮好吃，小绵羊好可怜
20170805 SNH48 TEAM X《梦想的旗帜》祁静生日公演",,-1,,
https://www.bilibili.com/video/av7488603,【SNH48】161211 TeamX 杨老板想开OLD48抢老王生意 众人倾情加入化身STF,7488603,12247904,2016-12-11T21:13,11:45,"['娱乐', '明星']",620,620,15,2,11,1,4,蛋挞掺砒孀,107622,https://space.bilibili.com/107622,161211梦想旗帜公演 233333333,,-1,,
https://www.bilibili.com/video/av9389710,SNH48：在old48的新据点玩狗哥~ （王晓佳）,9389710,15516454,2017-03-25T21:31,15:04,"['娱乐', '明星']",165,165,4,1,0,0,3,魔笔小艇,2139573,https://space.bilibili.com/2139573,"来源：口袋48. 
日期：20170325.",,-1,,
https://www.bilibili.com/video/av13012593,【SNH48汪束】城市包围农村、天下布妹计划成功赢得王爷爷芳心，OLD48又该何去何从？170723 汪佳翎生日公演 Team X《梦想的旗帜》MC4,13012593,21366816,2017-08-06T06:27,13:12,"['娱乐', '明星']",529,529,13,4,7,1,0,汪束幼稚园,56314127,https://space.bilibili.com/56314127,"《梦想的旗帜》新公演
也是X队的第一个原创公演
这里传送的是汪束在第四个MC的CUT···
希望会有更多的人，喜欢上汪束，喜欢上园长。",,-1,,
https://www.bilibili.com/video/av16343070,当年的我年少轻狂【OLD48】,16343070,26662418,2017-11-15T11:21,3:13,"['娱乐', '明星']",2462,2462,38,9,17,9,1,OLD48广场舞团,88805253,https://space.bilibili.com/88805253,"我有很好的朋友，SNH一生黑黑过来的！
SNH48 TeamX《梦想的旗帜》 冯晓菲生日主题公演 20171104",,-1,,
https://www.bilibili.com/video/av16726005,大米真的不脏！【OLD48】,16726005,27331045,2017-11-27T20:50,6:06,"['娱乐', '明星']",2482,2482,41,6,40,12,2,OLD48广场舞团,88805253,https://space.bilibili.com/88805253,"大米厉害了，小心工资被扣光！
SNH48 TeamX《梦想的旗帜》第六十五场 （20171116）",,-1,,
https://www.bilibili.com/video/av14040462,社会我天草人狠话不多【OLD48】,14040462,22928074,2017-08-31T22:23,3:46,"['娱乐', '明星']",7681,7681,110,16,37,35,4,OLD48广场舞团,88805253,https://space.bilibili.com/88805253,"carry全场，Soku酱
看看人家这胸，人家这腿，少女偶像也看女主播跳舞2333
20170805 SNH48 TEAM X《梦想的旗帜》祁静生日公演",,-1,,
https://www.bilibili.com/video/av13925220,你们离婚后房子归YBY【OLD48】,13925220,22750074,2017-08-29T17:08,2:13,"['娱乐', '明星']",5904,5904,80,5,18,10,3,OLD48广场舞团,88805253,https://space.bilibili.com/88805253,"韫灰离婚后房子归谁？杨冰怡还是汪佳翎？
20170723 SNH48 TEAM X《梦想的旗帜》汪佳翎生日公演",,-1,,
https://www.bilibili.com/video/av17472889,王叔叔在教邵雪聪跳舞【OLD48】,17472889,28536625,2017-12-21T15:32,2:49,"['娱乐', '明星']",2568,2568,29,7,10,6,0,OLD48广场舞团,88805253,https://space.bilibili.com/88805253,"汪束这个舞渣竟然敢教邵雪聪跳舞
SNH48 20171215 Team X《命运的X号》",,-1,,
https://www.bilibili.com/video/av16847953,真闭眼吹！【OLD48】,16847953,27524849,2017-12-02T07:19,0:39,"['娱乐', '明星']",2090,2090,32,6,1,12,2,OLD48广场舞团,88805253,https://space.bilibili.com/88805253,"这是名副其实的闭眼吹！
SNH48 TeamX《梦想的旗帜》第六十六场 新设备公演 全场 （20171122）",,-1,,
https://www.bilibili.com/video/av13252063,口嫌体正直的冉冉【OLD48】,13252063,21728433,2017-08-12T02:21,1:06,"['娱乐', '明星']",1037,1037,13,5,1,1,0,OLD48广场舞团,88805253,https://space.bilibili.com/88805253,"SNH48 TEAMX 《梦想的旗帜》公演 20170722
冉冉这种女人嘛，就是比较傲娇，你看她冷餐还会请你，也会去你房间吃东西，就是嘴上.. by  FXF
这叫口嫌体正直  by  YBY  
冉冉就喜欢头发少的  by  FXF",,-1,,
https://www.bilibili.com/video/av15070864,羞耻的catchphrase【OLD48】,15070864,24543747,2017-10-04T19:54,5:27,"['娱乐', '明星']",1659,1659,44,6,9,4,2,OLD48广场舞团,88805253,https://space.bilibili.com/88805253,"羞耻的catchphrase当属叔叔的Carry全场Soku酱！
小松鼠抱着松子咯吱咯吱...
圆圆的脑袋圆圆的脸...
SNH48 TeamX 剧场四周年特别公演（20170907 夜场）",,-1,,
https://www.bilibili.com/video/av16692314,太重了会起不来的！【OLD48】,16692314,27220838,2017-11-27T09:58,0:50,"['娱乐', '明星']",1881,1881,27,1,5,4,1,OLD48广场舞团,88805253,https://space.bilibili.com/88805253,"天草、桃子委屈，控台这波操作666！
SNH48 TeamX《梦想的旗帜》第六十四场 邵雪聪生日主题公演 （20171112）",,-1,,
https://www.bilibili.com/video/av17174738,FXF绿了YBY和YYY【OLD48】,17174738,28057899,2017-12-12T09:11,2:21,"['娱乐', '明星']",3713,3713,68,13,10,7,1,OLD48广场舞团,88805253,https://space.bilibili.com/88805253,"FXF成大佬了，有了YBY和YYY还不够，还要去找小鲜肉
SNH48 TeamX《梦想的旗帜》20171203",,-1,,
https://www.bilibili.com/video/av15026689,冯晓菲的直男之旅【OLD48】,15026689,25620654,2017-10-03T15:32,7:55,"['娱乐', '明星']",3837,3837,81,10,5,20,45,OLD48广场舞团,88805253,https://space.bilibili.com/88805253,"直男冯晓菲，竟然不懂水水的心思！
做个合集，持续更新",,-1,,
https://www.bilibili.com/video/av16811876,叔叔真惨！【OLD48】,16811876,27467021,2017-11-30T21:25,1:38,"['娱乐', '明星']",3617,3617,39,9,10,17,3,OLD48广场舞团,88805253,https://space.bilibili.com/88805253,"狼人杀汪束活不过第二天！
SNH48 TeamX《梦想的旗帜》第六十六场 新设备公演 全场（20171122）",,-1,,
https://www.bilibili.com/video/av17186428,吻别版星座【OLD48】,17186428,28077598,2017-12-14T16:10,5:12,"['娱乐', '明星']",706,706,26,2,2,3,2,OLD48广场舞团,88805253,https://space.bilibili.com/88805253,"这星座厉害了，到底是谁赚了呢？
SNH48 TeamX《梦想的旗帜》20171203",,-1,,
https://www.bilibili.com/video/av9991963,OLD48出道公演,9991963,16517016,2017-04-21T18:04,11:45,"['娱乐', '明星']",582,582,12,0,2,3,2,OLD48广场舞团,88805253,https://space.bilibili.com/88805253,"snh48 TeamX 161211 《梦想的旗帜》公演
OLD48出道公演
Team O欧气十足
Team L老当益壮
Team D德高望重",,-1,,
https://www.bilibili.com/video/av16548966,祁静全场助攻最佳！【OLD48】,16548966,26992815,2017-11-21T22:23,3:34,"['娱乐', '明星']",4010,4010,63,12,30,11,3,OLD48广场舞团,88805253,https://space.bilibili.com/88805253,"静静是水灰CP饭头吧！
水灰结婚了，庆祝庆祝！
SNH48 20171109 Team X《梦想的旗帜》咪咕音乐主题公演",,-1,,
https://www.bilibili.com/video/av16162455,杨冰怡跪下【OLD48】,16162455,26377063,2017-11-10T16:25,2:01,"['娱乐', '明星']",3175,3175,43,4,6,7,0,OLD48广场舞团,88805253,https://space.bilibili.com/88805253,"灰灰厉害了，竟叫水水下跪！
SNH48 TeamX《梦想的旗帜》 冯晓菲生日主题公演 20171104",,-1,,
https://www.bilibili.com/video/av16875637,孙队就职！【OLD48】,16875637,27568854,2017-12-04T07:31,2:38,"['娱乐', '明星']",1484,1484,14,2,4,5,0,OLD48广场舞团,88805253,https://space.bilibili.com/88805253,"小螃蟹厉害了，好享受啊！
SNH48 TeamX《梦想的旗帜》第六十七场 全场 （20171126）",,-1,,
https://www.bilibili.com/video/av16549178,你抢我老婆还针对我！【OLD48】,16549178,26993128,2017-11-21T22:29,2:57,"['娱乐', '明星']",11794,11794,239,20,72,26,19,OLD48广场舞团,88805253,https://space.bilibili.com/88805253,"洪水 w爹 水妮？
感觉有点乱！
SNH48 20171109 Team X《梦想的旗帜》咪咕音乐主题公演
借用了@myht的#color girls#卡拉狗修罗场合集【5个人的友谊使人困惑系列】里面的视频，十分感谢！",,-1,,
https://www.bilibili.com/video/av16874978,白痴长草【OLD48】,16874978,27567824,2017-12-02T19:39,2:31,"['娱乐', '明星']",923,923,13,4,1,5,0,OLD48广场舞团,88805253,https://space.bilibili.com/88805253,"白痴头顶有根草
SNH48 TeamX《梦想的旗帜》第六十七场 全场 （20171126）",,-1,,
https://www.bilibili.com/video/av16726277,前辈好！【OLD48】,16726277,27331586,2017-11-28T14:21,1:43,"['娱乐', '明星']",2037,2037,36,4,0,2,0,OLD48广场舞团,88805253,https://space.bilibili.com/88805253,"路遇前辈，到底是谁尴尬？
祁静零期大前辈，欺负六期生李佳恩！
SNH48 TeamX《梦想的旗帜》第六十五场 全场 （20171116）",,-1,,
https://www.bilibili.com/video/av16875800,我就没有骨气！【OLD48】,16875800,27569114,2017-12-02T19:58,1:45,"['娱乐', '明星']",4906,4906,82,14,7,15,3,OLD48广场舞团,88805253,https://space.bilibili.com/88805253,"苦，给我哭！ by杨冰怡
呜呜呜...冯晓菲
水灰真甜！
SNH48 TeamX《梦想的旗帜》第六十六场 新设备公演 全场 （20171122）",,-1,,
https://www.bilibili.com/video/av14820287,丹三版过呼吸【OLD48】,14820287,24149992,2017-09-26T19:50,0:36,"['娱乐', '明星']",1004,1004,10,2,6,11,1,OLD48广场舞团,88805253,https://space.bilibili.com/88805253,"过呼吸啦
20170813 SNH48 TEAM X《梦想的旗帜》陈琳生日公演",,-1,,
https://www.bilibili.com/video/av16875382,叔叔要完【OLD48】,16875382,27568447,2017-12-03T12:28,0:57,"['娱乐', '明星']",2008,2008,18,6,1,7,1,OLD48广场舞团,88805253,https://space.bilibili.com/88805253,"叔叔好惨，要被全场针对了！
SNH48 TeamX《梦想的旗帜》第六十七场 全场 （20171126）",,-1,,
https://www.bilibili.com/video/av16156381,我对灰灰有喜爱之情【OLD48】,16156381,26367193,2017-11-10T08:44,3:35,"['娱乐', '明星']",2020,2020,28,6,19,4,0,OLD48广场舞团,88805253,https://space.bilibili.com/88805253,"我喜欢有肉的小肚子！
SNH48 TeamX《梦想的旗帜》冯晓菲生日主题公演20171104",,-1,,
https://www.bilibili.com/video/av16725802,草沐很吓人！【OLD48】,16725802,27330760,2017-11-28T10:00,5:27,"['娱乐', '明星']",1607,1607,39,0,12,18,3,OLD48广场舞团,88805253,https://space.bilibili.com/88805253,"网骗张嘉予
想成为比利王？想成为基王？
SNH48 TeamX《梦想的旗帜》第六十五场 （20171116）",,-1,,
https://www.bilibili.com/video/av17173150,我能理解水灰【OLD48】,17173150,28055397,2017-12-11T21:23,1:56,"['娱乐', '明星']",3080,3080,42,20,8,11,1,OLD48广场舞团,88805253,https://space.bilibili.com/88805253,"我也能理解水灰，真甜啊！
SNH48 TeamX《梦想的旗帜》20171203",,-1,,
https://www.bilibili.com/video/av15280378,羡慕吧！【OLD48】,15280378,24871185,2017-10-11T00:27,8:11,"['娱乐', '明星']",1695,1695,22,5,5,8,2,OLD48广场舞团,88805253,https://space.bilibili.com/88805253,"羡慕吧！
20170916 SNH48 TEAM X《梦想的旗帜》杨韫玉生日公演",,-1,,
https://www.bilibili.com/video/av14268391,祁吕纯修罗场【OLD48】,14268391,23288476,2017-09-08T12:14,33:48,"['娱乐', '明星']",1295,1295,45,10,37,11,2,OLD48广场舞团,88805253,https://space.bilibili.com/88805253,"塞纳河经典修罗场之一，三人的友谊使我困惑，队友看着很欢喜，冯晓菲笑得十分开心，似有相识的感觉！
快乐我就快乐，你幸福我就幸福，有点怪怪的！——新闻
20170805 SNH48 TEAM X《梦想的旗帜》祁静生日公演",,-1,,
https://www.bilibili.com/video/av15625080,天道好轮回苍天饶过谁【OLD48】,15625080,25420864,2017-10-23T09:18,3:08,"['娱乐', '明星']",1810,1810,26,6,3,2,1,OLD48广场舞团,88805253,https://space.bilibili.com/88805253,"莫寒前辈给别人发生日祝福！难道zqsg的饭偶像也要遭报应吗？
 by冯晓菲
SNH48 TeamX《梦想的旗帜》20171012",,-1,,
https://www.bilibili.com/video/av17418855,桃子的首尾呼应【OLD48】,17418855,28452471,2017-12-19T17:58,1:56,"['娱乐', '明星']",589,589,6,2,0,1,0,OLD48广场舞团,88805253,https://space.bilibili.com/88805253,"麦很贵的，几十万呢，不要丢到台下啊！
SNH48 TeamX 《梦想的旗帜》千秋乐公演 20171209",,-1,,
https://www.bilibili.com/video/av15428143,幼稚的X队【OLD48】,15428143,25109365,2017-10-15T23:44,8:14,"['娱乐', '明星']",598,598,14,11,6,2,0,OLD48广场舞团,88805253,https://space.bilibili.com/88805253,"幼稚的X队
准备做个合集，持续更新",,-1,,
https://www.bilibili.com/video/av17381746,大型连续家庭伦理剧：小蝌蚪找妈妈【OLD48】,17381746,28394885,2017-12-18T12:53,2:40,"['娱乐', '明星']",1729,1729,47,10,6,23,2,OLD48广场舞团,88805253,https://space.bilibili.com/88805253,"（来自聚聚）OLD48人物关系指南：三韫生有一子yby，三韫离婚后蕴灰结婚，fxf成为yby后妈，但蕴灰因房产问题离婚。随后隔壁王叔叔爆料，其实yby是三束的孩子；沐沐爆料她是水水的姐姐。那么可以得出结论，沐沐是叔叔的长女，水沐是同父异母的姐弟，yby名字中暗藏水字，正是与沐沐构成水沐年华之意。 那么桃子和天草何许人也，根据调研来看，桃子是水水现任女友，草草是灰灰的前任男友。 而如今水水游离于水蜜桃与水灰之间，草沐成为现任关系。
SNH48 TeamX 《梦想的旗帜》千秋乐公演 20171209",,-1,,
https://www.bilibili.com/video/av13925303,重大发表：冯晓菲离婚了【OLD48】,13925303,22750207,2017-08-29T01:00,1:44,"['娱乐', '明星']",5425,5425,76,6,4,8,1,OLD48广场舞团,88805253,https://space.bilibili.com/88805253,"重大发表，杨韫玉、冯晓菲离婚了！
20170723 SNH48 TEAM X《梦想的旗帜》汪佳翎生日公演",,-1,,
https://www.bilibili.com/video/av17089732,你想养什么？兔子？【OLD48】,17089732,27927303,2017-12-10T13:58,2:52,"['娱乐', '明星']",2510,2510,28,10,4,10,0,OLD48广场舞团,88805253,https://space.bilibili.com/88805253,"你想养兔子吗？
SNH48 TeamX《梦想的旗帜》20171201",,-1,,
https://www.bilibili.com/video/av16875292,比动作猜成语【OLD48】,16875292,27568290,2017-12-02T20:08,7:24,"['娱乐', '明星']",314,314,7,2,12,3,1,OLD48广场舞团,88805253,https://space.bilibili.com/88805253,"跪得真熟练！
SNH48 TeamX《梦想的旗帜》第六十七场 全场 （20171126）",,-1,,
https://www.bilibili.com/video/av17186245,我想开女团却没钱【OLD48】,17186245,28077347,2017-12-13T18:02,1:13,"['娱乐', '明星']",1547,1547,16,4,2,8,0,OLD48广场舞团,88805253,https://space.bilibili.com/88805253,"010的Monster真是太好玩了！
FXF想赚足够的然后，然后开个女团？
SNH48 TeamX《梦想的旗帜》20171203",,-1,,
https://www.bilibili.com/video/av16692055,公开处刑杨大佬！【OLD48】,16692055,27220458,2017-11-27T07:52,2:01,"['娱乐', '明星']",2634,2634,32,2,3,9,0,OLD48广场舞团,88805253,https://space.bilibili.com/88805253,"水草肤色对比明显，公开处刑！
大魔王王天草不堪一击！
SNH48 TeamX《梦想的旗帜》第六十四场 邵雪聪生日主题公演 （20171112）",,-1,,
https://www.bilibili.com/video/av15875016,我给杨韫玉报路费回来【OLD48】,15875016,25904331,2017-10-31T09:31,1:31,"['娱乐', '明星']",861,861,15,0,1,3,0,OLD48广场舞团,88805253,https://space.bilibili.com/88805253,"杨冰怡在干嘛？
冯晓菲很宠杨韫玉嘛，都给报机票了，那杨韫玉可以多回剧场了！
SNH48 20171028 Team X《梦想的旗帜》公演",,-1,,
https://www.bilibili.com/video/av15499601,祁冉冉【OLD48】,15499601,25224143,2017-10-18T11:00,0:47,"['娱乐', '明星']",847,847,9,2,0,4,1,OLD48广场舞团,88805253,https://space.bilibili.com/88805253,"静静想骑冉冉.....想要搞事哦！
20170922 SNH48 TEAM X《梦想的旗帜》公演",,-1,,
https://www.bilibili.com/video/av16876037,要本着良心问自己【OLD48】,16876037,27569468,2017-12-02T20:12,1:17,"['娱乐', '明星']",1325,1325,20,10,1,11,0,OLD48广场舞团,88805253,https://space.bilibili.com/88805253,"叔叔保护了除自己以外的11个人
水水首刀了叔叔
SNH48 TeamX《梦想的旗帜》第六十七场 全场 （20171126）",,-1,,
https://www.bilibili.com/video/av17090732,天生的钓系偶像杨冰怡【OLD48】,17090732,27928631,2017-12-11T19:24,1:10,"['娱乐', '明星']",1604,1604,26,5,2,8,0,OLD48广场舞团,88805253,https://space.bilibili.com/88805253,"杨冰怡从出道就立志要成为钓系偶像的人，所以她很早在练习滑跪！
SNH48 TeamX《梦想的旗帜》20171201",,-1,,
https://www.bilibili.com/video/av15428595,冯晓菲的渣男之旅【OLD48】,15428595,25110066,2017-10-16T18:30,5:58,"['娱乐', '明星']",1160,1160,17,5,1,3,0,OLD48广场舞团,88805253,https://space.bilibili.com/88805253,"X队也多渣男，例子便是冯晓菲
做个合集，持续更新",,-1,,
https://www.bilibili.com/video/av16847854,丘比特汪束【OLD48】,16847854,27524613,2017-12-02T01:29,3:32,"['娱乐', '明星']",2419,2419,32,2,8,4,1,OLD48广场舞团,88805253,https://space.bilibili.com/88805253,"汪束是丘比特，把莫寒和杨冰怡连在一起！
SNH48 TeamX《梦想的旗帜》第六十六场 新设备公演 全场 （20171122）",,-1,,
https://www.bilibili.com/video/av15428367,水灰水【OLD48】,15428367,25109690,2017-10-17T09:26,2:59,"['娱乐', '明星']",1042,1042,14,2,0,3,0,OLD48广场舞团,88805253,https://space.bilibili.com/88805253,"CP饭张嘉予，给应援会改名，水灰水应援会，攻受不分！
20171002 SNH48 TEAM X《梦想的旗帜》杨冰怡生日公演",,-1,,
https://www.bilibili.com/video/av16154979,花园里的妹妹和姐姐【OLD48】,16154979,26364782,2017-11-09T11:33,2:10,"['娱乐', '明星']",1527,1527,23,2,5,10,0,OLD48广场舞团,88805253,https://space.bilibili.com/88805253,"花园是什么地方，好神奇啊！
SNH48 TeamX《梦想的旗帜》 冯晓菲生日主题公演 20171104",,-1,,
https://www.bilibili.com/video/av13925788,30年后的OLD48【OLD48】,13925788,22750954,2017-08-29T07:56,10:42,"['娱乐', '明星']",431,431,13,4,1,2,0,OLD48广场舞团,88805253,https://space.bilibili.com/88805253,"30年后的OLD48的发展
FXF三十年后是个黑子键盘党
20170723 SNH48 TEAM X《梦想的旗帜》汪佳翎生日公演",,-1,,
https://www.bilibili.com/video/av15624865,队内底层冯晓菲【OLD48】,15624865,25420535,2017-10-22T15:24,1:23,"['娱乐', '明星']",2807,2807,20,1,6,4,0,OLD48广场舞团,88805253,https://space.bilibili.com/88805253,"处于队内食物链底层的冯晓菲
SNH48 TeamX《梦想的旗帜》20171012",,-1,,
https://www.bilibili.com/video/av16875208,绿色的水水【OLD48】,16875208,27568159,2017-12-02T19:52,0:36,"['娱乐', '明星']",784,784,9,4,0,6,0,OLD48广场舞团,88805253,https://space.bilibili.com/88805253,"你们看绿吗？
SNH48 TeamX《梦想的旗帜》第六十七场 全场 （20171126）",,-1,,
https://www.bilibili.com/video/av17453631,马路口续约到30岁【OLD48】,17453631,28508059,2017-12-20T21:11,2:50,"['娱乐', '明星']",815,815,8,2,5,6,1,OLD48广场舞团,88805253,https://space.bilibili.com/88805253,"马老师威胁做错一次续约一年
马路口续约到30岁了
SNH48 20171215 Team X《命运的X号》",,-1,,
https://www.bilibili.com/video/av16304820,官推CP【OLD48】,16304820,26602850,2017-11-13T23:37,2:07,"['娱乐', '明星']",1300,1300,17,4,16,8,1,OLD48广场舞团,88805253,https://space.bilibili.com/88805253,"韫灰又要晒我了
SNH48 TeamX《梦想的旗帜》 冯晓菲生日主题公演 20171104",,-1,,
https://www.bilibili.com/video/av15499825,小偶像学习打call【OLD48】,15499825,25224602,2017-10-18T11:21,6:15,"['娱乐', '明星']",882,882,9,6,5,1,0,OLD48广场舞团,88805253,https://space.bilibili.com/88805253,"水灰的互动很幼稚！
冯晓菲初三学了三年，好厉害！
小偶像打CALL很厉害！
20170922 SNH48 TEAM X《梦想的旗帜》公演",,-1,,
https://www.bilibili.com/video/av17451071,命运的嘉兴路【OLD48】,17451071,28504338,2017-12-20T19:43,1:55,"['娱乐', '明星']",1133,1133,14,2,5,10,0,OLD48广场舞团,88805253,https://space.bilibili.com/88805253,"首演名称为命运的嘉兴路
我们和中泰抵抗
我们和悠唐抵抗
我们和豫珑城抵抗
我们和国瑞抵抗
我们和四地抵抗
SNH48 20171215 Team X《命运的X号》",,-1,,
https://www.bilibili.com/video/av16692572,天草祝聪聪聪明绝顶【OLD48】,16692572,27221256,2017-11-27T17:05,0:33,"['娱乐', '明星']",1062,1062,11,3,0,3,1,OLD48广场舞团,88805253,https://space.bilibili.com/88805253,"希望聪聪新的一岁可以聪明绝顶！ by王晓佳
SNH48 TeamX《梦想的旗帜》第六十四场 邵雪聪生日主题公演 （20171112）",,-1,,
https://www.bilibili.com/video/av12441306,OLD48团伙帮规一条,12441306,20479644,2017-07-23T10:39,0:47,"['娱乐', '明星']",927,927,9,2,0,0,0,OLD48广场舞团,88805253,https://space.bilibili.com/88805253,"SNH48 TeamX《梦想的旗帜》公演20170702
不得了不得了",,-1,,
https://www.bilibili.com/video/av16155254,如果你想要夏天【OLD48】,16155254,26365235,2017-11-09T16:35,1:29,"['娱乐', '明星']",2472,2472,26,9,14,11,3,OLD48广场舞团,88805253,https://space.bilibili.com/88805253,"如果你想要夏天，我就是祁洁莲！
SNH48 TeamX《梦想的旗帜》冯晓菲生日主题公演20171104",,-1,,
https://www.bilibili.com/video/av15288711,大吉大利，今晚吃鸡！【OLD48】,15288711,24885542,2017-10-11T10:54,2:57,"['娱乐', '明星']",448,448,3,0,0,1,0,OLD48广场舞团,88805253,https://space.bilibili.com/88805253,"为了杨韫玉我准备了一个大礼！ by冯晓菲
X队的女人太可怕了，我要坚强！ by冯晓菲
我要iPhone X！ by杨韫玉
20170916 SNH48 TEAM X《梦想的旗帜》杨韫玉生日公演",,-1,,
https://www.bilibili.com/video/av14463863,搞事的wink【OLD48】,14463863,23595055,2017-09-14T22:40,1:24,"['娱乐', '明星']",1453,1453,30,2,1,5,1,OLD48广场舞团,88805253,https://space.bilibili.com/88805253,"小偶像的各种wink，王叔叔的惊艳wink，眼睛进砂的wink，水灰的互相打闹，沐沐的大宝贝...
取材来自20170812 SNH48 TEAM X《梦想的旗帜》汪束生日公演",,-1,,
https://www.bilibili.com/video/av13252844,韫冉邪教【OLD48】,13252844,21729664,2017-08-12T02:50,1:00,"['娱乐', '明星']",378,378,5,0,1,2,0,OLD48广场舞团,88805253,https://space.bilibili.com/88805253,"SNH48 TEAMX 《梦想的旗帜》公演 20170722
我在本队吃的第一对CP是韫冉 by YBY",,-1,,
https://www.bilibili.com/video/av14772393,长在天上的草是卤蛋【OLD48】,14772393,24073824,2017-09-25T01:30,0:28,"['娱乐', '明星']",1006,1006,14,2,2,3,0,OLD48广场舞团,88805253,https://space.bilibili.com/88805253,"天草的额头圆润光滑，如卤蛋一般！
20170813 SNH48 TEAM X《梦想的旗帜》陈琳生日公演",,-1,,
https://www.bilibili.com/video/av17089399,零期大前辈祁静【OLD48】,17089399,27926820,2017-12-09T19:50,0:43,"['娱乐', '明星']",926,926,9,0,4,3,0,OLD48广场舞团,88805253,https://space.bilibili.com/88805253,"零期大前辈祁静
SNH48 TeamX《梦想的旗帜》20171201",,-1,,
https://www.bilibili.com/video/av17185930,对某人很不友好的动作【OLD48】,17185930,28076909,2017-12-12T15:55,4:25,"['娱乐', '明星']",1948,1948,37,7,33,14,5,OLD48广场舞团,88805253,https://space.bilibili.com/88805253,"本来是搞大米的，为什么变成搞010了，好可爱啊！
冉冉好身材，静静血赚!
SNH48 TeamX《梦想的旗帜》20171203",,-1,,
https://www.bilibili.com/video/av17089201,14岁时的身高【OLD48】,17089201,27926574,2017-12-09T15:03,1:05,"['娱乐', '明星']",2290,2290,34,6,3,31,1,OLD48广场舞团,88805253,https://space.bilibili.com/88805253,"沐沐真是皮啊！
SNH48 TeamX《梦想的旗帜》20171201",,-1,,
https://www.bilibili.com/video/av17089493,你后悔爱过冯晓菲吗？【OLD48】,17089493,27926944,2017-12-10T08:55,1:03,"['娱乐', '明星']",2306,2306,47,8,7,16,2,OLD48广场舞团,88805253,https://space.bilibili.com/88805253,"你后悔爱过冯晓菲吗？
你爱过冯晓菲吗？
SNH48 TeamX《梦想的旗帜》20171201",,-1,,
https://www.bilibili.com/video/av16875449,水水变白真相！【OLD48】,16875449,27568533,2017-12-03T18:30,1:29,"['娱乐', '明星']",1766,1766,18,8,2,10,0,OLD48广场舞团,88805253,https://space.bilibili.com/88805253,"难怪感觉水水越来越白了，原来真相是这样！
SNH48 TeamX《梦想的旗帜》第六十七场 全场 （20171126）",,-1,,
https://www.bilibili.com/video/av17473261,谢天依啊谢天依啊【OLD48】,17473261,28537088,2017-12-21T15:38,1:14,"['娱乐', '明星']",786,786,9,0,1,9,1,OLD48广场舞团,88805253,https://space.bilibili.com/88805253,"谢天依啊
SNH48 20171215 Team X《命运的X号》",,-1,,
https://www.bilibili.com/video/av17173731,来自后花园的雷神【OLD48】,17173731,28056376,2017-12-11T21:36,1:07,"['娱乐', '明星']",1180,1180,13,4,8,14,1,OLD48广场舞团,88805253,https://space.bilibili.com/88805253,"石锤石锤，来自后花园雷神的石锤，太可怕了！
SNH48 TeamX《梦想的旗帜》20171203",,-1,,
https://www.bilibili.com/video/av15428237,今天我们不开车【OLD48】,15428237,25109516,2017-10-16T09:23,1:30,"['娱乐', '明星']",863,863,13,2,1,2,1,OLD48广场舞团,88805253,https://space.bilibili.com/88805253,"今天我们不开车，搭货车
20171002 SNH48 TEAM X《梦想的旗帜》杨冰怡生日公演",,-1,,
https://www.bilibili.com/video/av15678361,饭偶像嘛看看就得了【OLD48】,15678361,25508048,2017-10-24T11:00,1:18,"['娱乐', '明星']",882,882,7,3,0,1,0,OLD48广场舞团,88805253,https://space.bilibili.com/88805253,"不要给我发，不要不要。 by冯晓菲
饭偶像嘛，看看就得了。 by冯晓菲
SNH48  20171014 Team X《梦想的旗帜》公演",,-1,,
https://www.bilibili.com/video/av17186012,草沐GAY【OLD48】,17186012,28077003,2017-12-12T19:54,1:21,"['娱乐', '明星']",846,846,12,6,3,6,0,OLD48广场舞团,88805253,https://space.bilibili.com/88805253,"草沐都是GAY
SNH48 TeamX《梦想的旗帜》20171203",,-1,,
https://www.bilibili.com/video/av17452444,你喜欢那颗星星吗？【OLD48】,17452444,28506355,2017-12-20T20:25,1:26,"['娱乐', '明星']",392,392,6,2,0,4,1,OLD48广场舞团,88805253,https://space.bilibili.com/88805253,"桃子，你喜欢那颗星星吗？ by张丹三
喜欢呀。  by李钊
那我摘给你！  by张丹三
SNH48 20171215 Team X《命运的X号》",,-1,,
https://www.bilibili.com/video/av15875028,想成为比利王？【OLD48】,15875028,25904343,2017-11-01T08:36,1:55,"['娱乐', '明星']",1159,1159,20,4,18,14,4,OLD48广场舞团,88805253,https://space.bilibili.com/88805253,"两个大型萝莉真是了不得！
SNH48 20171028 Team X《梦想的旗帜》公演",,-1,,
https://www.bilibili.com/video/av17186078,奥特之母王天草【OLD48】,17186078,28077094,2017-12-13T08:57,0:56,"['娱乐', '明星']",1169,1169,17,6,4,9,1,OLD48广场舞团,88805253,https://space.bilibili.com/88805253,"奥特之母王晓佳
SNH48 TeamX《梦想的旗帜》20171203",,-1,,
https://www.bilibili.com/video/av15678416,辣系偶像冯晓菲【OLD48】,15678416,25508128,2017-10-25T08:54,1:15,"['娱乐', '明星']",1844,1844,21,2,0,5,0,OLD48广场舞团,88805253,https://space.bilibili.com/88805253,"辣系偶像冯晓菲
莫寒甜你也是不容易了！ by汪束
SNH48  20171014 Team X《梦想的旗帜》公演",,-1,,
https://www.bilibili.com/video/av16343162,我会一直在你身边的【OLD48】,16343162,26662545,2017-11-15T11:31,3:01,"['娱乐', '明星']",1809,1809,54,10,35,7,1,OLD48广场舞团,88805253,https://space.bilibili.com/88805253,"FXF不要离开YBY，FXF一定要待在YBY旁边！
SNH48 TeamX《梦想的旗帜》 冯晓菲生日主题公演 20171104",,-1,,
https://www.bilibili.com/video/av15288875,打滴滴打到货车了？【OLD48】,15288875,24885842,2017-10-11T11:02,2:17,"['娱乐', '明星']",1087,1087,20,4,3,10,1,OLD48广场舞团,88805253,https://space.bilibili.com/88805253,"现在滴滴还可以打货车了啊？
我用的是货拉拉！ by杨韫玉
20170916 SNH48 TEAM X《梦想的旗帜》杨韫玉生日公演",,-1,,
https://www.bilibili.com/video/av15261121,一年一次的三韫【OLD48】,15261121,24839135,2017-10-10T10:25,2:07,"['娱乐', '明星']",417,417,7,4,0,0,0,OLD48广场舞团,88805253,https://space.bilibili.com/88805253,"蕴冉还是三韫？算了，这是一年一次的限定三韫，吃糖吃糖！
20170916 SNH48 TEAM X《梦想的旗帜》杨韫玉生日公演",,-1,,
https://www.bilibili.com/video/av14283855,剧场版狼人杀【OLD48】,14283855,23312581,2017-09-08T21:25,16:09,"['娱乐', '明星']",549,549,14,0,5,4,1,OLD48广场舞团,88805253,https://space.bilibili.com/88805253,"首杀王晓佳，铁狼李钊天草，关灯不见杨冰怡，千古奇冤冯晓菲，智商缺失上帝李晶！
20170806 SNH48 TEAM X《梦想的旗帜》林忆宁生日公演",,-1,,
https://www.bilibili.com/video/av14739661,123，比心【OLD48】,14739661,24022560,2017-09-24T02:51,0:33,"['娱乐', '明星']",827,827,11,4,1,14,1,OLD48广场舞团,88805253,https://space.bilibili.com/88805253,"姚祎纯满足陈琳的愿望，笔芯笔芯，甜甜的比心
20170813 SNH48 TEAM X《梦想的旗帜》陈琳生日公演",,-1,,
https://www.bilibili.com/video/av15874752,李钊128汪束129？【OLD48】,15874752,25904001,2017-10-30T21:16,1:46,"['娱乐', '明星']",890,890,10,4,1,3,0,OLD48广场舞团,88805253,https://space.bilibili.com/88805253,"X队体重担当是谁？
SNH48 20171028 Team X《梦想的旗帜》公演",,-1,,
https://www.bilibili.com/video/av17090514,情商第一第二第三第四低【OLD48】,17090514,27928320,2017-12-11T08:10,4:19,"['娱乐', '明星']",2052,2052,33,10,20,11,2,OLD48广场舞团,88805253,https://space.bilibili.com/88805253,"论直男，冯晓菲都略逊一筹
SNH48 TeamX《梦想的旗帜》20171201",,-1,,
https://www.bilibili.com/video/av8718901,还是OLD48的舞比较好呢,8718901,14368452,2017-02-19T23:12,9:56,"['娱乐', '明星']",616,616,7,4,1,0,6,OLD48广场舞团,88805253,https://space.bilibili.com/88805253,大米作死，挑战前辈，要跳6倍速；水水梦想的旗帜千秋乐；灰灰赞扬OLD48，我从来不会跳snh的舞呢，还是OLD48的舞比较好呢，都不如我们OLD48，我们的舞又优美又好看！,,-1,,
https://www.bilibili.com/video/av17186150,想当绿巨人？【OLD48】,17186150,28077236,2017-12-13T14:59,1:48,"['娱乐', '明星']",523,523,5,5,2,12,1,OLD48广场舞团,88805253,https://space.bilibili.com/88805253,"看完水水和嘉爱的婚礼，大米有什么感受？
大米只能成为绿巨人了！
SNH48 TeamX《梦想的旗帜》20171203",,-1,,
https://www.bilibili.com/video/av15428124,MV能火都靠成员吹【OLD48】,15428124,25109345,2017-10-15T22:42,12:03,"['娱乐', '明星']",447,447,5,0,0,4,0,OLD48广场舞团,88805253,https://space.bilibili.com/88805253,"现在MV全靠成员吹了！
20171002 SNH48 TEAM X《梦想的旗帜》杨冰怡生日公演",,-1,,
https://www.bilibili.com/video/av15139935,忘词版夜蝶【OLD48】,15139935,24649003,2017-10-06T18:31,0:53,"['娱乐', '明星']",730,730,11,1,0,2,0,OLD48广场舞团,88805253,https://space.bilibili.com/88805253,"姐姐位天草，妹妹位新闻
啊，歌词是什么，啊，歌词是什么...
20170914 SNH48 TEAM X《梦想的旗帜》公演",,-1,,
https://www.bilibili.com/video/av13252251,傻大姐宋昕冉【OLD48】,13252251,21728809,2017-08-13T10:37,0:29,"['娱乐', '明星']",393,393,4,0,0,0,0,OLD48广场舞团,88805253,https://space.bilibili.com/88805253,"SNH48 TEAMX 《梦想的旗帜》公演 20170722
天使的面孔，魔鬼的身材，傻大姐的内心 by  YBY",,-1,,
https://www.bilibili.com/video/av17380884,冯晓菲你真可爱！【OLD48】,17380884,28393672,2017-12-18T12:11,0:21,"['娱乐', '明星']",1692,1692,16,4,0,9,0,OLD48广场舞团,88805253,https://space.bilibili.com/88805253,"以上都是闭眼吹 by聚聚
冯晓菲你真可爱 byYBY
SNH48 TeamX《梦想的旗帜》第七十场 千秋乐公演 20171209",,-1,,
https://www.bilibili.com/video/av17185790,李晶带着杨冰怡躺赢【OLD48】,17185790,28076697,2017-12-12T11:54,0:56,"['娱乐', '明星']",1201,1201,10,0,2,4,0,OLD48广场舞团,88805253,https://space.bilibili.com/88805253,"像黑寡妇的冉冉，因为身材好
超勇敢的YBY，和冉冉比身材
SNH48 TeamX《梦想的旗帜》20171203",,-1,,
https://www.bilibili.com/video/av9380998,OLD48招聘会,9380998,15502452,2017-03-25T15:31,6:34,"['娱乐', '明星']",379,379,7,0,0,0,4,OLD48广场舞团,88805253,https://space.bilibili.com/88805253,20170319《梦想的旗帜》公演，OLD48火了,,-1,,
https://www.bilibili.com/video/av15253778,流水的女1铁打的女2【OLD48】,15253778,24826260,2017-10-09T23:21,0:20,"['娱乐', '明星']",708,708,8,4,0,0,0,OLD48广场舞团,88805253,https://space.bilibili.com/88805253,"第四部的女1是谁啊？
20170916 SNH48 TEAM X《梦想的旗帜》杨韫玉生日公演",,-1,,
https://www.bilibili.com/video/av7742943,【SNH48】161228 TeamX OLD48年终搞事 出谋划策三十年,7742943,12694023,2016-12-29T00:55,11:19,"['娱乐', '明星']",634,634,10,0,7,0,2,蛋挞掺砒孀,107622,https://space.bilibili.com/107622,161228梦想旗帜 6666666,,-1,,
https://www.bilibili.com/video/av15289505,大米搞事，石锤石锤了【OLD48】,15289505,24887271,2017-10-12T07:52,1:15,"['娱乐', '明星']",1753,1753,25,2,3,2,3,OLD48广场舞团,88805253,https://space.bilibili.com/88805253,"女生跳多远，男朋友就多远？ by李晶
宋昕冉跳了个祁静出来？
20170916 SNH48 TEAM X《梦想的旗帜》杨韫玉生日公演",,-1,,
https://www.bilibili.com/video/av14285225,狼人杀之歌【OLD48】,14285225,23314630,2017-09-08T22:09,1:15,"['娱乐', '明星']",567,567,5,0,1,1,0,OLD48广场舞团,88805253,https://space.bilibili.com/88805253,"杨冰怡的freestyle，狼人杀啊狼人杀
20170806 SNH48 TEAM X《梦想的旗帜》林忆宁生日公演",,-1,,
https://www.bilibili.com/video/av14040226,变猪、变绿喷雾【OLD48】,14040226,22927741,2017-08-31T22:11,1:05,"['娱乐', '明星']",361,361,5,4,2,3,0,OLD48广场舞团,88805253,https://space.bilibili.com/88805253,"变猪喷雾—反弹，聚聚好有才！
静静浪新闻，再来一个绿化喷雾！
20170805 SNH48 TEAM X《梦想的旗帜》祁静生日公演",,-1,,
https://www.bilibili.com/video/av14772545,来，张嘉予，汪；来，李晶，汪【OLD48】,14772545,24074076,2017-09-26T08:51,0:50,"['娱乐', '明星']",1523,1523,18,0,0,13,0,OLD48广场舞团,88805253,https://space.bilibili.com/88805253,"还可以这么玩的！
20170813 SNH48 TEAM X《梦想的旗帜》陈琳生日公演",,-1,,
https://www.bilibili.com/video/av9992746,OLD48小品,9992746,16518263,2017-04-21T19:36,11:30,"['娱乐', '明星']",291,291,6,0,0,0,5,OLD48广场舞团,88805253,https://space.bilibili.com/88805253,snh48 teamX 20161217《梦想的旗帜》圣诞公演特殊环节,,-1,,
https://www.bilibili.com/video/av16875944,新闻笑看菜鸡互啄【OLD48】,16875944,27569334,2017-12-02T20:09,3:23,"['娱乐', '明星']",863,863,12,2,7,8,0,OLD48广场舞团,88805253,https://space.bilibili.com/88805253,"新闻真是女装大佬啊！
SNH48 TeamX《梦想的旗帜》第六十六场 新设备公演 全场 （20171122）",,-1,,
https://www.bilibili.com/video/av16726126,甜甜的巧克力是谁做的呀？【OLD48】,16726126,27331266,2017-11-28T11:17,1:34,"['娱乐', '明星']",934,934,17,1,6,7,0,OLD48广场舞团,88805253,https://space.bilibili.com/88805253,"甜甜的巧克力是谁做的呀？
SNH48 TeamX《梦想的旗帜》第六十五场 全场 （20171116）",,-1,,
https://www.bilibili.com/video/av17418779,TEAMX【OLD48】,17418779,28452373,2017-12-19T17:57,2:53,"['娱乐', '明星']",544,544,9,2,5,6,0,OLD48广场舞团,88805253,https://space.bilibili.com/88805253,"水水很宠灰灰的啊，跑那么远来安慰她！
千秋乐，千秋乐了！希望TEAMX越来越好！
SNH48 TeamX 《梦想的旗帜》千秋乐公演 20171209",,-1,,
https://www.bilibili.com/video/av9637296,OLD48广场舞低成本高利润,9637296,15927495,2017-04-05T22:29,0:47,"['娱乐', '明星']",339,339,3,0,0,0,4,OLD48广场舞团,88805253,https://space.bilibili.com/88805253,"SNH48 TeamX《梦想的旗帜》第二十二场暨沈阳星梦剧院公演（20170330 夜场）
OLD48广场舞很不错哦！",,-1,,
https://www.bilibili.com/video/av7566263,SNH48 161217 TeamX OLD48【冯晓菲 杨冰怡 杨韫玉 李钊】,7566263,12389731,2016-12-17T15:49,11:02,"['娱乐', '明星']",417,417,7,0,3,1,2,跨越大海的瑞瑞,10019811,https://space.bilibili.com/10019811,SNH48 SNH48 SNH48 SNH48 161217 X队 《梦想的旗帜》圣诞主题公演,,-1,,
https://www.bilibili.com/video/av17380962,少女偶像舞台打太极【OLD48】,17380962,28393780,2017-12-18T12:14,0:18,"['娱乐', '明星']",747,747,15,0,0,2,0,OLD48广场舞团,88805253,https://space.bilibili.com/88805253,"少女偶像公然在舞台上打太极
SNH48 TeamX《梦想的旗帜》第七十场 千秋乐公演 20171209",,-1,,
https://www.bilibili.com/video/av16875309,狼人杀世纪佳缘APP【OLD48】,16875309,27568358,2017-12-03T08:25,2:31,"['娱乐', '明星']",1425,1425,20,8,2,8,1,OLD48广场舞团,88805253,https://space.bilibili.com/88805253,"冯晓菲out了，连狼人杀世纪佳缘APP都不知道！
SNH48 TeamX《梦想的旗帜》第六十七场 全场 （20171126）",,-1,,
https://www.bilibili.com/video/av10836991,2017年生诞祭公演特殊表演合集,10836991,19386277,2017-05-26T16:23,132:42,"['娱乐', '明星']",147,147,11,2,0,0,0,OLD48广场舞团,88805253,https://space.bilibili.com/88805253,SNH48 TEAMX 2017年各位成员生诞祭公演特殊表演合集，持续更新,,-1,,
https://www.bilibili.com/video/av11736580,队内最不是zhu的FXF,11736580,19385279,2017-06-29T23:46,0:47,"['娱乐', '明星']",874,874,7,0,1,0,0,OLD48广场舞团,88805253,https://space.bilibili.com/88805253,"王晓佳生日暨总选拉票公演 TeamX《梦想的旗帜》（20170625）
水水的摸头杀",,-1,,
https://www.bilibili.com/video/av9023843,2015年生诞祭公演特殊表演合集,9023843,14903053,2017-03-07T19:00,26:14,"['娱乐', '明星']",276,276,4,2,0,1,2,OLD48广场舞团,88805253,https://space.bilibili.com/88805253,SNH48 TEAMX 2015年各位成员生诞祭公演特殊表演合集,,-1,,
https://www.bilibili.com/video/av10971572,跪下，还有这一天啊！,10971572,18160688,2017-05-31T17:59,4:11,"['娱乐', '明星']",2680,2680,61,9,14,3,3,OLD48广场舞团,88805253,https://space.bilibili.com/88805253,"SNH48TeamX 20170529《梦想的旗帜》公演
冯晓菲作死，又要跪下了，应该是已经习惯了",,-1,,
https://www.bilibili.com/video/av15732913,在后台发生的趣事,15732913,25633757,2017-10-26T11:10,5:09,"['娱乐', '明星']",2793,2793,30,8,15,14,2,OLD48广场舞团,88805253,https://space.bilibili.com/88805253,"丹三发现沐沐是真实的伪娘！
SNH48  20171018 Team X《梦想的旗帜》公演",,-1,,
https://www.bilibili.com/video/av8733018,聚聚表演2倍速call,8733018,14391114,2017-02-20T20:10,1:31,"['娱乐', '明星']",1663,1663,32,0,2,3,8,OLD48广场舞团,88805253,https://space.bilibili.com/88805253,20170217《梦想的旗帜》公演，聚聚表演2倍速call，聚聚给力，成就是聚聚的！,,-1,,
https://www.bilibili.com/video/av10188178,我们是TEAMX,10188178,16831317,2017-04-29T23:46,2:23,"['娱乐', '明星']",129,129,2,0,1,0,0,OLD48广场舞团,88805253,https://space.bilibili.com/88805253,"SNH48 TEAMX 20150916《最后的钟声响起》公演
李晶、邵雪聪成为TEAMX队长，大家述说对TEAMX的期望",,-1,,
https://www.bilibili.com/video/av10136972,-1期大前辈,10136972,16749095,2017-04-27T21:07,0:25,"['娱乐', '明星']",1175,1175,8,2,0,0,0,OLD48广场舞团,88805253,https://space.bilibili.com/88805253,"SNH48 TEAMX《梦想的旗帜》20170423公演
0期大前辈的前辈是-1期大前辈",,-1,,
https://www.bilibili.com/video/av9009498,人会变成自己讨厌的样子,9009498,14877785,2017-03-06T21:26,7:59,"['娱乐', '明星']",718,718,10,4,1,0,8,OLD48广场舞团,88805253,https://space.bilibili.com/88805253,20170304《梦想的旗帜》公演，我的心 砰砰砰砰的跳 它砰砰砰怦的跳 甜甜的 就像初恋一样,,-1,,
https://www.bilibili.com/video/av11340485,跟你相亲相爱嘛,11340485,18754374,2017-06-15T14:05,1:34,"['娱乐', '明星']",1237,1237,16,2,1,2,1,OLD48广场舞团,88805253,https://space.bilibili.com/88805253,"SNH48  TeamX  20170610《梦想的旗帜》公演
水灰有爱的互动，很萌这对",,-1,,
https://www.bilibili.com/video/av12108379,菲爷,12108379,19970906,2017-07-11T21:30,0:41,"['娱乐', '明星']",642,642,8,2,5,0,0,OLD48广场舞团,88805253,https://space.bilibili.com/88805253,"SNH48 TeamX《梦想的旗帜》(20170706)
我是菲爷，我攻气十足",,-1,,
https://www.bilibili.com/video/av10800550,真心话大冒险,10800550,17820260,2017-05-24T22:08,2:42,"['娱乐', '明星']",689,689,6,0,0,0,0,OLD48广场舞团,88805253,https://space.bilibili.com/88805253,"20170514《梦想的旗帜》姚祎纯公演
真心话大冒险，灰灰被水水击沉",,-1,,
https://www.bilibili.com/video/av10971533,朝这打,10971533,18160607,2017-05-31T17:54,0:56,"['娱乐', '明星']",733,733,6,3,2,1,0,OLD48广场舞团,88805253,https://space.bilibili.com/88805253,"SNH48TeamX 20170529《梦想的旗帜》公演
冯晓菲继续作死",,-1,,
https://www.bilibili.com/video/av12441115,冯晓菲毕业公演（误）,12441115,20479376,2017-07-21T22:59,0:57,"['娱乐', '明星']",3128,3128,22,2,1,1,0,OLD48广场舞团,88805253,https://space.bilibili.com/88805253,"SNH48 TeamX《梦想的旗帜》公演 20170713
日常毕业冯晓菲。",,-1,,
https://www.bilibili.com/video/av12731887,1米55短艺璇,12731887,20934744,2017-07-30T00:08,1:12,"['娱乐', '明星']",901,901,8,4,0,1,0,OLD48广场舞团,88805253,https://space.bilibili.com/88805253,"SNH48 TeamX《梦想的旗帜》张嘉予生日主题 第四届总决选拉票公演   20170716
1米55小分队已经广而传之了，2333，DDD委屈",,-1,,
https://www.bilibili.com/video/av14573837,【SNH48】【水韫灰】电灯胆,14573837,23764072,2017-09-18T11:38,3:36,"['娱乐', '明星']",1109,1109,54,41,14,16,13,阿七米德,7830955,https://space.bilibili.com/7830955,"素材来源：冯晓菲的后置摄像头  寒影大大  丹三的秒拍
BGM：电灯胆
X队初代修罗场不可能没有完整的电灯胆 ！",,-1,,
https://www.bilibili.com/video/av10971670,一辈子，上辈子,10971670,18160853,2017-05-31T17:59,0:31,"['娱乐', '明星']",420,420,3,2,2,1,0,OLD48广场舞团,88805253,https://space.bilibili.com/88805253,"SNH48TeamX 20170529《梦想的旗帜》公演
聚聚的一生，是十分短暂的！",,-1,,
https://www.bilibili.com/video/av12968533,Don't touch（FXF版）,12968533,21298641,2017-08-05T01:21,2:07,"['娱乐', '明星']",450,450,9,6,1,0,1,OLD48广场舞团,88805253,https://space.bilibili.com/88805253,"SNH48 TeamX《梦想的旗帜》宋昕冉第四届总决选拉票&amp;生日主题公演20170722
冯晓菲领舞Don't touch，果然私下偷偷练习过！",,-1,,
https://www.bilibili.com/video/av10971651,头发都去哪了？,10971651,18160813,2017-05-31T18:05,1:02,"['娱乐', '明星']",1023,1023,31,7,6,9,6,OLD48广场舞团,88805253,https://space.bilibili.com/88805253,"SNH48TeamX 20170529《梦想的旗帜》公演
孙歆文为祁静唱头发都去哪了",,-1,,
https://www.bilibili.com/video/av11737126,这个过来抱一下,11737126,19400990,2017-06-30T00:06,1:48,"['娱乐', '明星']",461,461,3,2,0,2,0,OLD48广场舞团,88805253,https://space.bilibili.com/88805253,"王晓佳生日暨总选拉票公演 TeamX《梦想的旗帜》（20170625）
祁静要事情，腿软活该咯2333",,-1,,
https://www.bilibili.com/video/av12198697,朗诵两首,12198697,20105790,2017-07-14T20:56,1:12,"['娱乐', '明星']",378,378,6,2,3,4,1,OLD48广场舞团,88805253,https://space.bilibili.com/88805253,"SNH48 TeamX《梦想的旗帜》20170708
Don't touch及水手服",,-1,,
https://www.bilibili.com/video/av10137002,求佛,10137002,16749157,2017-04-27T21:07,0:22,"['娱乐', '明星']",1032,1032,3,0,3,2,0,OLD48广场舞团,88805253,https://space.bilibili.com/88805253,"SNH48 TEAMX《梦想的旗帜》20170423公演
音频是李艺彤的求佛，感觉节奏不错",,-1,,
https://www.bilibili.com/video/av8988252,就像初恋一样,8988252,14840290,2017-03-05T18:38,10:38,"['娱乐', '明星']",324,324,6,0,0,0,4,OLD48广场舞团,88805253,https://space.bilibili.com/88805253,2016年SNH48星梦剧院MVP发布及特别公演，左悠唐右中泰，FXF毕业回踩，马老师...梦想终究只是梦想吗？,,-1,,
https://www.bilibili.com/video/av12441218,冯晓菲版寒夜,12441218,20479514,2017-07-22T10:37,3:37,"['娱乐', '明星']",2108,2108,15,2,7,1,3,OLD48广场舞团,88805253,https://space.bilibili.com/88805253,"SNH48 TeamX《梦想的旗帜》公演 20170713
不存在的。
怎么会不存在？！",,-1,,
https://www.bilibili.com/video/av8762416,谁是大吃货,8762416,14446814,2017-02-22T13:01,1:26,"['娱乐', '明星']",415,415,4,4,0,2,2,OLD48广场舞团,88805253,https://space.bilibili.com/88805253,snh48 team x《最后的钟声响起》公演，看到一场公演MC讲谁是队里的大吃货，就专门做了一个视频，第一次做，较为粗糙。害羞的灰灰，稚嫩的九九笨笨叔叔，发量未变的聪聪...大家啊都长大了....最后总结，X队的大吃货是谁呢？,,-1,,
https://www.bilibili.com/video/av10291108,灰灰浪汪佳翎,10291108,17001726,2017-05-03T21:40,1:01,"['娱乐', '明星']",814,814,10,2,2,1,1,OLD48广场舞团,88805253,https://space.bilibili.com/88805253,"SNH48 TEAMX 《梦想的旗帜》20170427公演
笨笨的汪佳翎，冯晓菲任性想要",,-1,,
https://www.bilibili.com/video/av12441418,黑帮dalao,12441418,20479795,2017-07-24T10:42,1:13,"['娱乐', '明星']",341,341,5,2,1,5,1,OLD48广场舞团,88805253,https://space.bilibili.com/88805253,"SNH48 TeamX《梦想的旗帜》公演20170702
社会我叉队，抖腿拿棒槌。",,-1,,
https://www.bilibili.com/video/av11746541,长沙口音的生日祝福,11746541,19400988,2017-06-30T10:45,1:01,"['娱乐', '明星']",478,478,6,2,0,3,2,OLD48广场舞团,88805253,https://space.bilibili.com/88805253,"王晓佳生日暨总选拉票公演 TeamX《梦想的旗帜》（20170625）
规则为长沙口音的祝福或者....",,-1,,
https://www.bilibili.com/video/av9381023,豪门家庭爱情伦理剧,9381023,15502484,2017-03-25T15:40,19:07,"['娱乐', '明星']",398,398,7,1,1,1,3,OLD48广场舞团,88805253,https://space.bilibili.com/88805253,20170319《梦想的旗帜》公演，一部豪门家庭爱情伦理剧,,-1,,
https://www.bilibili.com/video/av8720858,青花瓷的正确打开方式,8720858,14368605,2017-02-20T01:08,0:27,"['娱乐', '明星']",463,463,4,2,0,2,1,OLD48广场舞团,88805253,https://space.bilibili.com/88805253,出自20170217 SNH TEAM X《梦想的旗帜》公演MC2最喜欢的诗是什么，静静有一种青花瓷正确的打开方式...,,-1,,
https://www.bilibili.com/video/av11016385,梦想的旗帜（杨韫玉）,11016385,18232394,2017-06-02T17:41,1:59,"['娱乐', '明星']",148,148,2,0,0,0,1,OLD48广场舞团,88805253,https://space.bilibili.com/88805253,"为了感谢大家一年以来的支持，杨韫玉带了一首非常喜欢的歌曲给大家，叫《梦想的旗帜》
今年我们能走多远走多远，一起去看更美一点的风景吧！",,-1,,
https://www.bilibili.com/video/av7487995,【SNH48】TeamX《梦想的旗帜》第九场 MC+Unit CUT（20161211）,7487995,12248585,2016-12-11T20:41,87:24,"['娱乐', '明星']",874,874,12,9,255,7,1,渡辺美優紀メ,10525760,https://space.bilibili.com/10525760,"#SNH48-Team X#
【本场全场CUT请移步：av7487098】
更多相关内容欢迎加入【TeamX应援群】370882358
欢迎关注并支持B站@SNH48-TeamX应援会，微博@SNH48-TeamX-应援会
梦想的旗帜【MC合辑：av6897146】十八个闪耀瞬间【MC合辑：av6663834】
最后的钟声响起【MC合辑：av4697700】逆流而上【MC合辑：av4856225】",,-1,,
https://www.bilibili.com/video/av11340432,你是我的小呀小苹果儿,11340432,19371544,2017-06-15T14:05,1:07,"['娱乐', '明星']",223,223,1,2,0,0,0,OLD48广场舞团,88805253,https://space.bilibili.com/88805253,"SNH48 TeamX   20170611《梦想的旗帜》公演
静静和王大可表演的小苹果",,-1,,
https://www.bilibili.com/video/av13192005,【搞静静】渣静的修罗现场(欢乐误解向）,13192005,21634770,2017-08-10T16:45,2:07,"['鬼畜', '鬼畜调教']",5292,5292,169,186,90,71,34,老翁JC,25970068,https://space.bilibili.com/25970068,"表情包来自微博和@OLD48广场舞团。随手剪，亲喷。
原视频：av12997368",,-1,,
https://www.bilibili.com/video/av11296454,【SNH48】搞事静的搞事RAP（虽然重点不在rap),11296454,18681959,2017-06-13T16:42,1:57,"['鬼畜', '鬼畜调教']",14514,14514,221,212,87,66,26,老翁JC,25970068,https://space.bilibili.com/25970068,"1，拖了很久的稿了。2，视频素材来自@SNH48-祁静应援会，不知道为啥音质有一点奇怪。3，封面图来自其本人微博，其余表情包来源于网络及@OLD48广场舞团。4，因为音质奇怪所以rap短，绝对不是因为懒（熟练地甩锅）。5,静静不秃，就是头发有点少，嗯。",,-1,,
https://www.bilibili.com/video/av7489408,2016/12/11 SNH48 X队《梦想的旗帜》公演斗鱼弹幕,7489408,12249223,2016-12-11T22:01,148:11,"['娱乐', '明星']",703,703,7,10,8,5,2,皮亚松,522554,https://space.bilibili.com/522554,来源斗鱼tv-snh48公演频道 恭喜MC3第二组OLD48正式成立，各位小偶像下岗再就业快乐！！！,,-1,,
https://www.bilibili.com/video/av11612024,【BEJ48】冯思佳、李想，总选加油！ TeamE《奇幻加冕礼》公演第三十七场暨李想冯思佳拉票公演 全场CUT 20170623,11612024,19188907,2017-06-25T15:04,158:10,"['娱乐', '明星']",480,480,15,2,3,6,1,BEJ48-TeamE应援会,9841425,https://space.bilibili.com/9841425,"【BEJ48】冯思佳，李想！总选加油 TeamE《奇幻加冕礼》公演第三十四场暨李想冯思佳拉票公演 全场CUT 20170623
MC1：念一段指定的绕口令
MC2：目前你最宝贝的东西是什么
MC3：队内first kiss给了哪个成员，访谈当时的心情 
MC4：三十年后old48在悠唐跳公演的场景",,-1,,
https://www.bilibili.com/video/av8847652,霸气的昵称,8847652,14596579,2017-02-26T16:11,1:32,"['娱乐', '明星']",316,316,5,2,0,2,2,OLD48广场舞团,88805253,https://space.bilibili.com/88805253,"素材来自snh48 team x《最后的钟声响起》公演
霸气十足",,-1,,
https://www.bilibili.com/video/av14933195,【国内组合】2017年度最佳MV TOP10,14933195,24330851,2017-09-30T21:25,13:58,"['娱乐', '明星']",28445,28445,430,79,2398,435,68,百度国内组合吧,54990176,https://space.bilibili.com/54990176,"TOP1 《girl crush》7 senses
TOP2《魔fun乐园》乐华少年
TOP3《阳光小鬼头》乐华少年
TOP4《chitty bang bang bang》易安音乐社
         《暖光》ACEMAX-RED
TOP5《colorful days》color girls
TOP6《how old are you》boystory
TOP7《U R my only one》varsity-v
TOP8《上海locking》十二星宿风之少年
TOP9《THE BESTEST D",,-1,,
https://www.bilibili.com/video/av9016195,【从零开始的演艺之路】休·杰克曼的2岁到48岁│之后所有金刚狼都是在扮演休·杰克曼，就像所有的小丑在扮演希斯.莱杰,9016195,14889486,2017-03-07T10:06,4:57,"['娱乐', '明星']",84692,84692,2604,1081,721,220,302,黑暗中的窥探者,7803580,https://space.bilibili.com/7803580,"原链接：https://www.youtube.com/watch?v=sWY1wxbIUOM
原标题：Hugh Jackman | From 2 To 48 Years Old
原po：THE MASTER
BGM:Hurt-Johnny Cash
网易歌单：http://music.163.com/#/playlist?id=622035560
修改BGM匹配总时长",,-1,,
https://www.bilibili.com/video/av13741938,电玩系列 全皮肤 回城动画展示 - lol英雄联盟,13741938,22473152,2017-08-24T12:02,3:03,"['游戏', '网络游戏']",1564,1564,19,2,15,2,4,wowushiyao,15569849,https://space.bilibili.com/15569849,"list=PL0t9rOuaFFbPUvdaJS3koe0C8L5tQ48tI 
All Arcade Skins Recall Animation 2017-2012 New and Old :
Battle Boss Brand 1350 RP , Battle Boss Ziggs 1350 RP , Battle Boss Malzahar 1350 RP , Arcade Ahri 1350 RP , Arcade Ezreal 13",,-1,,
https://www.bilibili.com/video/av14061225,【黑化向MMD】我的灵魂和身体已满是创伤...黑与白的old doll【压制测试】【10th初音未来诞生祭应援】,14061225,22960593,2017-09-01T15:58,2:09,"['动画', 'MMD·3D']",944,944,51,11,33,23,7,萌璃子,34040214,https://space.bilibili.com/34040214,"借物表在视频开头
昨天发烧没有发视频，实在对不起（鞠躬），连续肛48小时我也是作死......
最近有在学建模改刚体什么的，希望视频的质量能让你们满意。
视频链接: https://pan.baidu.com/s/1slbQ7QP 密码: rwku
粉丝群号：614613950
☆请勿疯狂吐槽穿模问题，最近视频总混进ky☆
❤请勿提及其他角色❤未经授权请勿转载❤B站萌璃子制作❤",,-1,,
https://www.bilibili.com/video/av15733137,【Steam新作】探索冒险《AER 古老的回忆(AER Memories of Old)》48¥,15733137,25620534,2017-10-26T11:12,1:14,"['游戏', '单机游戏']",391,391,11,0,0,4,0,new嗨high游君,220746669,https://space.bilibili.com/220746669,"【Steam新作】：《AER 古老的回忆(AER Memories of Old)》
【发售日期】：2017年10月25日
【发售价格】：48¥
【汉化】：简中、繁中
【游戏简介】：这是由5人独立工作室Forgotten Key制作的一款开放世界探索冒险独立游戏。玩家可以自如变身飞鸟，去飞行和探索去探索和体验漂浮岛的活力世界。
【注】：更多折扣关注微博嗨high游君",,-1,,
https://www.bilibili.com/video/av13193207,【Naomi Watts】 7岁到48岁的变化,13193207,21636380,2017-08-10T17:09,4:11,"['娱乐', '明星']",561,561,9,4,13,11,2,JasmineTiger,11057607,https://space.bilibili.com/11057607,"转自https://www.youtube.com/watch?v=WL6d92duOJc
Naomi Watts - From 7 To 48 Years Old",,-1,,
https://www.bilibili.com/video/av15532680,【舒然】用蜜桃盘画秋冬妆容|手残党的化妆方法,15532680,25277427,2017-10-19T16:50,9:24,"['时尚', '美妆']",114,114,2,12,2,5,1,miosue-舒然,526677,https://space.bilibili.com/526677,"微博：舒然然然然然然
求硬币、求弹幕、求关注、求评论啦~！这期视频没有什么化妆方面的技巧，本人不是专业化妆师，只是分享一个喜欢的妆容。因为背景音非常嘈杂所以这期视频都是BGM啦。
BGM：
1.Micmacs a La Gare
2.Old Threads
3.光之轨迹-SNH48
我非常喜欢光之轨迹这首歌，原版歌词更霸气，如果喜欢的话可以自己去搜搜原版歌词，是甘世佳老师的无双。",,-1,,
https://www.bilibili.com/video/av4045997,【国民美少女】【陆婷】,4045997,6527376,2016-03-08T15:04,2:16,"['娱乐', '综艺']",2323,2323,26,0,3,2,3,鹿总不鬼畜,18100160,https://space.bilibili.com/18100160,.,,-1,,
https://www.bilibili.com/video/av9027013,休·杰克曼2岁到48岁（From 2 To 48 Years Old）,9027013,14908052,2017-03-07T21:15,4:19,"['生活', '日常']",779,779,24,6,8,6,0,橘长摸摸大,94513136,https://space.bilibili.com/94513136,"视频来自youtube
bgm有修改，bgm为xbox独占游戏光环主题曲Halo Canticles
希望各为关注一下
这里是原地址https://www.youtube.com/watch?v=sWY1wxbIUOM",,-1,,
https://www.bilibili.com/video/av14202917,【SHOWROOM】 OLD AKB48 高橋みなみ・小嶋陽菜 AKB48事務所移籍成员発表SP 向井地美音 加藤玲奈 2017/09/05,14202917,23182075,2017-09-05T23:10,45:53,"['娱乐', '明星']",281,281,6,0,2,1,0,張織慧,3373975,https://space.bilibili.com/3373975,"www.showroom-live.com
2017年9月5日发布",,-1,,
https://www.bilibili.com/video/av5173105,BEJ48联合公演B版20160702纯情主义cut,5173105,8406963,2016-07-02T17:20,3:32,"['娱乐', '明星']",993,993,12,4,21,2,1,old2,631589,https://space.bilibili.com/631589,"20160702 BEJ联合公演 
请大家多多关注BEJ48
支持TEAM E
支持陈姣荷 大杏仁~",,-1,,
https://www.bilibili.com/video/av12751073,休杰克曼1～48,12751073,20963964,2017-07-30T14:31,12:09,"['娱乐', '明星']",96,96,2,2,0,0,0,Sawyer777,156519388,https://space.bilibili.com/156519388,Hugh Jackman - Transformation From 1 To 48 Years Old,,-1,,
https://www.bilibili.com/video/av14978760,【秋季例大祭4 XFD】 【EnforceのNIX】「Destruction」,14978760,24401610,2017-10-02T04:02,6:32,"['音乐', '音乐选集']",53,53,13,0,1,0,1,殇韵月风,82759,https://space.bilibili.com/82759,"http://www.nicovideo.jp/watch/sm31973837
サークルEnforceのNIXです、こんにちは。　

2017.10.15に有明、東京ビッグサイトにて開催される
秋季例大祭にて「Destruction」という新譜CDを頒布いたします。

今回のコンセプトは東方風神録に限定した楽曲をダンス系のサウンドに
アレンジしたものとなっています。
ジャンルはHardcore、Hardstyle、Old scool UKなどとなっています。

ブース番号は「う－４８ｂ」です。　よろしく",,-1,,
https://www.bilibili.com/video/av13861315,【国美】吴哲晗 || 时间煮雨老Old_Film-Look,13861315,22655155,2017-08-27T11:59,2:51,"['娱乐', '明星']",78,78,2,0,1,1,0,泡泡yihao,19714134,https://space.bilibili.com/19714134,玩Old_Film-Look效果，觉得很适合这首歌，适合这些人（莫名剪出了五折X九九cp的效果呢...雾~）,,-1,,
https://www.bilibili.com/video/av5178134,20160702 BEJ48联合公演B版 爱恨的泪 cut,5178134,8415323,2016-07-02T23:44,3:54,"['娱乐', '明星']",326,326,3,2,2,0,5,old2,631589,https://space.bilibili.com/631589,请大家多多支持BEJ48 TEAM E,,-1,,
https://www.bilibili.com/video/av4488618,【OPV】Never Grow Old【秋元才加个人向】,4488618,7275344,2016-04-28T03:28,2:35,"['娱乐', '明星']",345,345,28,28,6,11,5,碧落溪,755443,https://space.bilibili.com/755443,"自制 BGM：《Never Grow Old》-Cranberries
最近发生了很多事，但是看到某人的笑容感觉又有力量了。
于是发动电脑里全部素材剪了这么个PV出来，感觉imovie都要被卡得歇菜了……

Hope you never grow old.",,-1,,
https://www.bilibili.com/video/av16418100,PLAYERUNKNOWN'S BATTLEGROUNDS 11.17.2017 - 20.08.48.01,16418100,26784684,2017-11-17T21:43,21:42,"['游戏', '网络游戏']",9,9,0,0,0,0,1,old恍,10748925,https://space.bilibili.com/10748925,"相关游戏: 吃鸡
简介补充: 监狱一丝血逃出来到底能活多久？",,-1,,
https://www.bilibili.com/video/av5178511,20160702 BEJ48联合公演B版 陈姣荷mc1 mc3 cut,5178511,8416153,2016-07-03T00:19,15:22,"['娱乐', '明星']",96,96,0,0,0,0,1,old2,631589,https://space.bilibili.com/631589,"请大家多多支持BEJ48
支持陈姣荷",,-1,,
https://www.bilibili.com/video/av13998039,RISING SKY - Epic Powerful Hybrid Music Mix  Epic Massive Orchestral Music,13998039,22862319,2017-08-30T21:39,23:13,"['音乐', '音乐选集']",13,13,2,0,0,0,0,猫咪太爱你会变成兔子,9094415,https://space.bilibili.com/9094415,"https://www.youtube.com/watch?v=C1ecmkA8WpQ
TRACKLIST:
00:00 Doom
02:57 Leave Home
05:51 Rising Sky
08:05 Old Castle
10:10 Ice and Fire
12:36 Inquisition
15:13 Faster Than Light
17:48 Open Your Eyes
20:15 Rita",,-1,,
